Employee_ID,First_Name,Last_Name,Department,Employment_Type,Plan_Type,Dependent_Count,Monthly_Premium,Employer_Contribution,Employee_Contribution,Preventive_Care_Coverage,Mental_Health_Coverage,Dental_Coverage,Vision_Coverage,Wellness_Program,Life_Insurance_Amount,Short_Term_Disability,Long_Term_Disability,Enrollment_Date,Last_Benefit_Change
001,Brandy,Rivera,Support,Part-time,Standard,2,227,182,45,No,Yes,No,Yes,Yes,35951,Yes,No,2022-01-15,2024-03-04
002,Mackenzie,Campbell,Support,Part-time,Standard,1,305,248,57,No,No,Yes,No,Yes,26132,No,No,2023-05-09,2025-10-24
003,Michael,Castillo,Support,Full-time,Premium,2,421,313,108,No,No,Yes,Yes,No,53100,Yes,No,2025-06-14,2025-07-07
004,Emily,Gonzalez,Support,Full-time,Premium,0,550,451,99,Yes,No,Yes,No,No,40696,No,Yes,2023-08-23,2024-05-02
005,Rebecca,Zhang,Legal,Full-time,Basic,0,360,270,90,Yes,Yes,Yes,No,No,53969,No,No,2023-10-29,2023-11-13
006,Nicholas,Bradford,IT,Part-time,Basic,2,166,140,26,No,No,Yes,Yes,No,57760,Yes,No,2024-11-25,2025-11-17
007,Angela,Garcia,Marketing,Full-time,Basic,1,245,201,44,Yes,No,No,No,Yes,41475,No,Yes,2024-04-28,2024-10-08
008,Melissa,Bonilla,Legal,Full-time,Premium,0,573,419,154,Yes,No,No,Yes,Yes,55827,No,No,2023-01-17,2023-11-26
009,Timothy,Miller,HR,Full-time,Premium,3,264,186,78,No,No,Yes,Yes,No,23046,Yes,No,2022-01-27,2023-03-12
010,Theresa,Hurley,Operations,Full-time,Premium,4,214,172,42,Yes,Yes,No,Yes,No,25620,No,No,2024-10-30,2025-03-01
011,William,Lowe,Legal,Part-time,Basic,1,342,242,100,No,Yes,No,No,Yes,59042,Yes,No,2021-12-28,2022-11-04
012,James,Foster,Legal,Part-time,Standard,1,273,217,56,Yes,Yes,No,No,No,26556,Yes,No,2021-07-29,2024-01-07
013,Steven,Bishop,Finance,Full-time,Standard,0,577,472,105,Yes,No,Yes,No,Yes,55241,No,No,2022-02-14,2025-03-22
014,Kathy,Ware,HR,Part-time,Standard,0,338,280,58,Yes,Yes,No,No,Yes,36028,Yes,Yes,2021-10-14,2022-12-13
015,Dennis,Martinez,Marketing,Full-time,Premium,2,546,386,160,Yes,Yes,No,Yes,No,27626,No,No,2025-01-01,2025-09-22
016,Joe,Brown,Operations,Full-time,Standard,1,395,331,64,Yes,Yes,No,Yes,No,23649,No,Yes,2022-04-09,2022-07-11
017,Jeffrey,Mendoza,Finance,Full-time,Premium,3,550,389,161,No,Yes,No,No,Yes,43010,No,Yes,2023-08-13,2023-10-18
018,Michael,Lopez,Sales,Part-time,Premium,2,344,242,102,Yes,Yes,Yes,Yes,Yes,29295,No,Yes,2025-02-12,2025-12-11
019,Nicholas,Craig,Sales,Full-time,Basic,2,192,153,39,Yes,Yes,Yes,Yes,Yes,25067,Yes,No,2021-10-01,2023-01-05
020,Robert,Thomas,Marketing,Full-time,Premium,4,458,370,88,No,No,No,Yes,No,56819,No,No,2025-05-06,2026-01-06
021,Barbara,Myers,Finance,Part-time,Standard,1,566,479,87,Yes,No,Yes,Yes,No,59630,No,No,2021-01-26,2023-05-04
022,Lisa,Hoover,HR,Full-time,Premium,4,316,260,56,No,Yes,Yes,Yes,No,51982,Yes,Yes,2023-07-19,2023-12-01
023,Allison,Schmidt,IT,Full-time,Standard,2,523,413,110,Yes,No,No,Yes,Yes,42003,Yes,No,2023-08-23,2024-08-28
024,Jason,Parker,Marketing,Full-time,Premium,0,229,168,61,No,Yes,Yes,Yes,Yes,36018,No,No,2022-05-30,2024-05-03
025,Jordan,Bishop,HR,Full-time,Basic,2,300,244,56,Yes,Yes,Yes,No,No,50801,No,Yes,2023-03-08,2025-12-21
026,Russell,Garcia,IT,Part-time,Basic,0,431,309,122,No,Yes,Yes,No,No,25010,Yes,No,2023-09-08,2024-10-17
027,Robert,Ashley,Operations,Full-time,Premium,1,429,305,124,No,Yes,No,Yes,Yes,48217,Yes,Yes,2021-12-12,2024-07-27
028,Gary,Reynolds,Support,Full-time,Standard,3,297,243,54,No,No,Yes,Yes,No,59660,Yes,Yes,2022-08-28,2025-08-23
029,Sara,Gonzalez,Operations,Full-time,Basic,0,513,370,143,Yes,No,No,No,Yes,56103,Yes,No,2022-05-31,2022-07-06
030,Michelle,Mcclure,Marketing,Part-time,Basic,2,387,287,100,Yes,No,Yes,Yes,Yes,37672,Yes,No,2022-10-10,2025-05-08
031,Lance,Aguilar,Marketing,Full-time,Premium,4,483,397,86,Yes,Yes,Yes,Yes,No,30009,Yes,Yes,2024-11-03,2026-01-12
032,Willie,Norman,Legal,Part-time,Basic,2,270,203,67,Yes,No,No,Yes,Yes,41957,No,Yes,2021-07-14,2022-01-18
033,Chelsea,Ford,Finance,Full-time,Premium,1,404,298,106,No,Yes,Yes,No,Yes,56886,No,No,2024-08-09,2025-09-12
034,Mary,Paul,Sales,Full-time,Premium,0,259,220,39,No,Yes,No,Yes,No,23840,No,No,2025-01-19,2025-10-09
035,Michael,Duran,IT,Part-time,Standard,2,405,324,81,Yes,No,Yes,Yes,No,38087,No,No,2021-07-04,2023-10-03
036,Brenda,Stone,HR,Part-time,Standard,2,470,376,94,Yes,No,Yes,No,No,30973,Yes,No,2022-08-24,2024-05-21
037,Carrie,Stark,Sales,Full-time,Basic,2,354,294,60,No,No,No,Yes,No,30151,Yes,Yes,2023-01-29,2023-08-08
038,Katherine,Lopez,HR,Part-time,Basic,1,230,165,65,Yes,No,No,Yes,No,39779,No,No,2022-11-10,2023-08-13
039,Carol,Copeland,Marketing,Full-time,Basic,2,188,150,38,No,No,Yes,Yes,Yes,30454,Yes,No,2022-07-29,2024-05-01
040,Melanie,Boyd,Operations,Part-time,Standard,0,564,442,122,No,No,Yes,No,Yes,31117,Yes,No,2025-07-29,2025-09-04
041,Ricky,Ball,Finance,Full-time,Standard,0,503,369,134,Yes,No,Yes,Yes,Yes,32378,Yes,No,2022-02-09,2025-02-19
042,Vincent,Koch,Marketing,Full-time,Standard,2,266,200,66,Yes,Yes,No,Yes,Yes,53103,Yes,No,2024-11-05,2025-09-28
043,Courtney,Cowan,Sales,Full-time,Standard,1,360,254,106,Yes,No,No,No,Yes,54713,No,No,2021-08-10,2022-01-01
044,James,Price,IT,Part-time,Standard,2,544,406,138,No,No,No,No,No,34913,No,Yes,2022-11-03,2023-01-05
045,Jessica,Davis,Sales,Part-time,Premium,2,339,251,88,Yes,No,Yes,No,No,49011,Yes,Yes,2022-06-17,2023-06-01
046,Jamie,Johnson,Finance,Part-time,Standard,0,398,335,63,Yes,Yes,No,No,Yes,32275,No,Yes,2025-10-06,2025-12-10
047,Eric,Blevins,IT,Part-time,Premium,2,299,243,56,Yes,Yes,No,Yes,No,54504,Yes,No,2023-03-09,2024-12-17
048,Katie,Martinez,Finance,Part-time,Basic,0,158,121,37,No,No,No,Yes,Yes,40804,Yes,Yes,2023-05-16,2024-09-10
049,Jennifer,Browning,HR,Part-time,Premium,0,319,243,76,No,No,Yes,No,Yes,53678,Yes,Yes,2023-05-26,2024-01-14
050,Jeremy,Adams,Operations,Full-time,Premium,4,281,214,67,No,No,Yes,No,No,54089,Yes,Yes,2021-08-16,2023-07-12
051,Adam,Franco,Operations,Full-time,Standard,3,221,165,56,Yes,No,No,No,Yes,27220,No,Yes,2024-10-03,2026-01-01
052,Dustin,Ball,IT,Part-time,Basic,0,412,330,82,No,No,No,Yes,No,49798,No,No,2023-10-21,2024-01-07
053,Crystal,Peterson,Marketing,Full-time,Standard,4,441,347,94,No,No,No,No,Yes,33203,No,No,2023-03-25,2024-01-18
054,Jennifer,Jarvis,Support,Part-time,Premium,0,506,395,111,Yes,Yes,Yes,Yes,No,58865,Yes,No,2025-07-20,2025-08-19
055,Hannah,Hernandez,Support,Part-time,Premium,0,414,344,70,Yes,Yes,Yes,No,Yes,43307,No,No,2023-12-19,2025-02-03
056,Kristen,Marshall,IT,Full-time,Basic,3,296,211,85,No,Yes,Yes,Yes,Yes,53816,No,No,2024-08-12,2024-11-10
057,Kathleen,Smith,Operations,Part-time,Basic,0,528,422,106,Yes,No,Yes,Yes,No,31099,No,Yes,2021-03-22,2021-09-24
058,David,Alvarado,Legal,Part-time,Basic,1,300,239,61,Yes,No,No,Yes,Yes,49860,Yes,No,2023-12-07,2025-04-25
059,Ashley,Stone,IT,Part-time,Premium,0,274,196,78,Yes,Yes,Yes,No,No,43070,Yes,Yes,2022-08-06,2024-02-11
060,Veronica,Anderson,Finance,Full-time,Standard,0,334,251,83,No,Yes,No,Yes,No,30889,Yes,No,2025-08-29,2025-08-30
061,Lisa,Jimenez,Legal,Part-time,Premium,0,425,328,97,Yes,No,No,No,Yes,49691,Yes,No,2022-08-05,2022-10-02
062,Kaylee,Mason,Sales,Part-time,Basic,2,233,174,59,No,No,No,No,Yes,22152,No,Yes,2022-03-22,2024-12-26
063,Kirsten,Johnson,HR,Part-time,Premium,2,471,386,85,No,No,No,Yes,No,21934,Yes,Yes,2024-08-15,2025-02-09
064,Nicholas,Perry,Operations,Full-time,Premium,3,164,126,38,Yes,Yes,No,Yes,No,31145,No,No,2023-09-13,2025-07-11
065,Aaron,Harris,Support,Part-time,Premium,1,393,323,70,No,No,Yes,No,Yes,20975,Yes,Yes,2022-06-27,2023-10-30
066,Ricky,Wilson,Finance,Full-time,Basic,0,559,403,156,Yes,No,No,Yes,Yes,50568,Yes,Yes,2021-11-10,2023-04-13
067,Maria,Harris,Sales,Part-time,Standard,2,431,347,84,No,No,Yes,Yes,No,27801,Yes,Yes,2021-12-17,2025-12-19
068,Steven,Sullivan,IT,Part-time,Standard,1,540,416,124,No,Yes,Yes,Yes,Yes,38385,No,Yes,2025-04-01,2025-09-14
069,Judith,Hooper,IT,Part-time,Basic,0,238,199,39,No,No,Yes,Yes,No,39951,No,Yes,2022-08-15,2024-04-01
070,Keith,Brown,Finance,Part-time,Premium,0,599,468,131,Yes,Yes,Yes,No,No,48693,No,No,2024-01-22,2024-05-12
071,Kelly,Smith,Marketing,Part-time,Standard,2,577,417,160,No,No,No,Yes,Yes,49372,Yes,No,2024-02-04,2024-11-06
072,Alexander,Patrick,Finance,Part-time,Basic,2,369,282,87,Yes,No,No,Yes,Yes,33630,No,Yes,2025-08-07,2025-11-25
073,Elaine,Walker,IT,Part-time,Basic,1,332,259,73,Yes,No,No,Yes,No,53823,Yes,No,2025-09-14,2025-10-03
074,Alexander,Terry,IT,Part-time,Premium,0,226,172,54,No,Yes,Yes,Yes,No,48647,No,Yes,2022-09-07,2024-09-30
075,Andres,Myers,Finance,Part-time,Standard,2,175,123,52,Yes,Yes,No,Yes,Yes,51750,Yes,No,2023-07-25,2025-11-18
076,Danielle,Clayton,Legal,Part-time,Basic,1,593,453,140,No,Yes,Yes,Yes,Yes,41007,Yes,No,2025-02-08,2026-01-13
077,Alexandra,Johnson,HR,Part-time,Standard,2,325,241,84,No,No,Yes,No,Yes,44292,Yes,No,2022-05-22,2023-10-07
078,Benjamin,Fuller,IT,Full-time,Basic,0,395,308,87,No,Yes,No,No,Yes,53654,No,No,2024-02-06,2025-12-27
079,Susan,Guerrero,Operations,Part-time,Basic,1,378,311,67,No,Yes,No,Yes,No,22462,No,No,2024-01-17,2025-11-08
080,Luke,Maldonado,Operations,Part-time,Premium,0,291,218,73,Yes,No,No,No,Yes,25164,Yes,Yes,2022-05-04,2022-06-04
081,Brent,Walker,IT,Full-time,Standard,0,397,329,68,No,No,No,Yes,No,35543,No,Yes,2025-01-08,2025-08-07
082,Larry,Steele,Sales,Part-time,Standard,2,301,242,59,Yes,Yes,No,Yes,Yes,53382,No,No,2021-09-24,2023-05-13
083,Barry,Rowe,Support,Full-time,Premium,4,173,140,33,No,No,No,Yes,Yes,22672,No,No,2025-12-11,2026-01-04
084,Kyle,Porter,HR,Full-time,Basic,2,381,294,87,Yes,No,Yes,No,No,40378,No,Yes,2025-03-19,2025-12-25
085,Jonathan,Rivera,IT,Part-time,Premium,2,429,343,86,No,No,Yes,Yes,No,45860,No,No,2025-01-12,2025-05-20
086,Thomas,Sullivan,Support,Full-time,Premium,4,380,280,100,No,Yes,Yes,Yes,No,35132,Yes,No,2024-01-15,2024-02-16
087,Luis,Whitney,Support,Part-time,Basic,1,213,159,54,Yes,No,No,No,Yes,57728,No,No,2021-02-09,2025-01-10
088,Joseph,Brown,IT,Full-time,Basic,1,526,440,86,Yes,No,No,Yes,No,42282,No,Yes,2025-10-14,2025-10-16
089,Mary,Peck,HR,Full-time,Premium,1,421,333,88,No,Yes,No,Yes,Yes,31780,Yes,No,2022-01-23,2024-09-13
090,Jessica,Thompson,Support,Part-time,Basic,1,426,299,127,Yes,Yes,Yes,Yes,No,22531,Yes,No,2022-12-12,2023-02-22
091,Robert,Smith,Support,Part-time,Premium,0,414,303,111,No,No,Yes,Yes,Yes,23465,No,Yes,2023-03-08,2024-09-24
092,Jessica,Perez,Legal,Full-time,Basic,1,556,442,114,No,Yes,Yes,No,No,55807,No,No,2022-04-04,2025-01-17
093,Andrew,Wright,IT,Part-time,Standard,0,549,415,134,No,Yes,No,Yes,Yes,34394,No,Yes,2022-12-26,2024-03-11
094,George,Morris,Marketing,Full-time,Basic,0,504,396,108,No,No,No,No,No,37525,Yes,Yes,2025-10-19,2025-12-12
095,Steven,Wallace,IT,Full-time,Premium,0,220,166,54,No,Yes,Yes,Yes,No,38572,Yes,Yes,2022-11-07,2025-02-20
096,Charles,Olson,IT,Full-time,Premium,3,323,254,69,No,No,Yes,Yes,No,38093,Yes,Yes,2022-03-17,2024-02-11
097,Sarah,Armstrong,Sales,Part-time,Standard,0,576,439,137,Yes,Yes,Yes,Yes,No,51072,No,Yes,2021-07-23,2024-07-21
098,Donald,Ball,Sales,Full-time,Standard,3,489,360,129,No,Yes,No,No,No,36327,No,No,2025-11-09,2025-12-30
099,Rachel,Oneill,IT,Full-time,Premium,2,193,161,32,No,Yes,No,Yes,Yes,29653,Yes,Yes,2023-05-20,2023-09-05
100,Ronald,Sandoval,Marketing,Full-time,Premium,4,227,167,60,Yes,No,Yes,Yes,No,22405,No,No,2024-07-15,2024-09-05
101,Kenneth,Brennan,Operations,Full-time,Basic,4,318,255,63,Yes,No,Yes,No,Yes,42792,No,Yes,2022-05-05,2023-08-24
102,Katherine,Smith,Marketing,Part-time,Premium,0,409,319,90,No,No,Yes,No,Yes,39986,No,No,2023-12-27,2024-03-19
103,Donna,Morrison,Support,Part-time,Standard,2,465,358,107,Yes,No,Yes,Yes,Yes,30910,Yes,Yes,2023-08-11,2025-07-02
104,Christian,Walker,Support,Full-time,Basic,1,338,285,53,No,No,Yes,No,No,28853,No,Yes,2023-02-25,2023-11-04
105,Jaime,Pugh,Operations,Full-time,Premium,4,344,261,83,Yes,Yes,Yes,Yes,No,55226,Yes,Yes,2024-12-29,2025-04-16
106,Donna,Robinson,IT,Part-time,Premium,1,307,248,59,Yes,No,No,No,Yes,31999,No,No,2025-12-20,2026-01-09
107,Sarah,Zuniga,IT,Part-time,Premium,0,476,369,107,No,No,Yes,No,No,24822,No,No,2024-05-23,2024-12-19
108,Robert,Johnson,Operations,Part-time,Basic,2,214,170,44,Yes,No,No,No,Yes,30576,Yes,No,2023-08-09,2025-09-20
109,Phillip,Mendoza,Operations,Full-time,Standard,2,493,346,147,Yes,No,Yes,Yes,No,37082,No,No,2023-10-06,2024-08-07
110,Joseph,Clark,HR,Full-time,Premium,2,295,229,66,Yes,Yes,Yes,Yes,Yes,36133,No,No,2021-11-28,2025-04-17
111,Mercedes,Soto,Support,Full-time,Standard,2,387,319,68,No,Yes,No,No,Yes,27958,No,No,2023-01-21,2023-06-07
112,Robert,Wright,IT,Full-time,Basic,1,158,126,32,Yes,No,No,Yes,No,25116,No,Yes,2025-03-06,2025-04-14
113,Daniel,Woods,Finance,Full-time,Standard,4,243,181,62,Yes,Yes,No,No,Yes,38249,No,No,2024-05-13,2024-10-16
114,Randy,Haynes,Sales,Full-time,Basic,1,534,401,133,No,No,Yes,Yes,No,45949,Yes,No,2023-12-12,2024-02-12
115,Monica,Morrison,Marketing,Full-time,Premium,0,224,185,39,No,Yes,Yes,No,Yes,46819,No,No,2024-04-21,2024-12-22
116,Johnny,Douglas,IT,Part-time,Basic,1,439,369,70,No,No,No,Yes,Yes,54282,No,No,2021-05-13,2025-05-24
117,Paul,Strickland,Operations,Full-time,Standard,0,356,283,73,Yes,Yes,Yes,No,No,52906,Yes,No,2022-10-16,2024-06-16
118,David,Wolfe,IT,Full-time,Basic,1,597,505,92,Yes,No,Yes,No,No,54071,Yes,No,2021-09-15,2022-09-08
119,Kristin,Williams,Operations,Part-time,Basic,1,332,269,63,Yes,No,No,No,No,45994,Yes,Yes,2022-09-27,2022-09-28
120,Heidi,Henry,Legal,Full-time,Standard,0,321,271,50,No,No,Yes,Yes,No,43735,No,Yes,2021-09-08,2024-05-29
121,Leslie,Dixon,Operations,Part-time,Standard,1,259,193,66,No,Yes,No,Yes,Yes,31404,No,Yes,2022-11-25,2023-12-18
122,Lauren,White,Support,Full-time,Basic,4,566,453,113,Yes,Yes,No,Yes,No,25020,Yes,No,2024-03-06,2024-07-15
123,Sydney,Smith,HR,Full-time,Premium,4,530,423,107,No,No,No,Yes,Yes,47542,No,Yes,2021-05-17,2023-06-27
124,Brenda,Rivera,Finance,Part-time,Standard,2,578,437,141,No,No,No,No,No,48022,Yes,Yes,2022-07-18,2024-07-26
125,Jason,Dennis,Legal,Part-time,Basic,1,572,405,167,No,No,Yes,Yes,No,28671,Yes,No,2025-11-16,2025-12-06
126,Andrew,Randall,Support,Part-time,Premium,2,413,321,92,Yes,No,Yes,Yes,Yes,23258,Yes,No,2022-12-10,2023-07-08
127,Angela,Savage,Marketing,Part-time,Standard,1,236,189,47,Yes,No,No,No,No,27391,Yes,No,2025-06-05,2025-08-26
128,Angela,Berg,Operations,Part-time,Standard,2,183,132,51,Yes,Yes,No,Yes,No,34212,Yes,No,2024-01-19,2025-04-17
129,Allison,Weaver,IT,Full-time,Basic,0,398,319,79,No,No,Yes,Yes,Yes,34649,No,Yes,2024-04-13,2024-08-21
130,Cynthia,Clark,Finance,Part-time,Standard,2,339,258,81,Yes,Yes,Yes,Yes,Yes,35221,No,Yes,2024-04-03,2025-05-18
131,Christopher,Montgomery,Marketing,Part-time,Premium,2,366,305,61,Yes,Yes,No,Yes,No,56728,Yes,No,2024-04-02,2024-09-07
132,Wendy,Rhodes,Finance,Part-time,Standard,2,415,336,79,No,Yes,No,No,Yes,39397,Yes,Yes,2021-07-05,2022-06-02
133,Adam,Smith,IT,Part-time,Premium,0,496,351,145,Yes,Yes,No,Yes,No,47258,No,Yes,2025-06-17,2025-11-23
134,Stephanie,Reid,Finance,Full-time,Standard,1,497,396,101,Yes,No,Yes,No,Yes,26814,No,Yes,2023-08-08,2024-05-25
135,Sean,Bishop,Finance,Full-time,Standard,2,341,263,78,No,No,Yes,No,Yes,59544,Yes,No,2025-03-31,2025-04-06
136,Lee,Murphy,Support,Full-time,Standard,0,538,430,108,Yes,No,Yes,No,No,31250,Yes,No,2024-07-05,2025-01-05
137,Lisa,Frost,Finance,Full-time,Premium,3,592,425,167,Yes,No,No,No,No,35103,Yes,Yes,2025-06-21,2025-10-17
138,Nicole,Lawson,Legal,Full-time,Premium,2,299,224,75,No,No,Yes,Yes,Yes,27934,No,No,2024-05-26,2025-08-06
139,Stephanie,Tran,Sales,Part-time,Basic,1,198,150,48,Yes,Yes,No,Yes,No,56693,Yes,Yes,2022-11-16,2025-10-03
140,John,Moreno,Legal,Part-time,Basic,1,386,308,78,Yes,No,No,No,No,39275,No,No,2024-11-09,2025-09-24
141,Paul,Matthews,Operations,Full-time,Premium,3,476,354,122,Yes,Yes,No,No,Yes,58385,No,No,2023-05-08,2025-06-28
142,Krystal,Ferguson,Legal,Full-time,Basic,1,249,185,64,No,Yes,No,Yes,No,34851,No,Yes,2023-04-10,2023-11-05
143,Morgan,Valdez,IT,Full-time,Basic,3,530,374,156,No,No,No,No,No,25162,Yes,No,2023-03-03,2025-06-08
144,Jose,Alvarez,Operations,Full-time,Premium,2,467,367,100,Yes,Yes,No,Yes,Yes,39623,Yes,Yes,2021-05-28,2024-06-19
145,Jennifer,Sanchez,Legal,Full-time,Standard,4,389,320,69,No,No,Yes,Yes,No,48790,No,Yes,2022-02-15,2023-05-07
146,James,Miller,IT,Full-time,Basic,0,471,376,95,No,Yes,Yes,Yes,No,25178,No,Yes,2023-03-29,2025-04-07
147,James,Clayton,Support,Part-time,Premium,1,222,157,65,No,No,No,No,Yes,32110,Yes,No,2022-06-13,2024-01-04
148,Amy,Dunn,Operations,Part-time,Premium,2,280,232,48,No,No,Yes,Yes,Yes,57285,No,Yes,2021-10-26,2024-02-02
149,Joshua,Ray,Marketing,Full-time,Premium,4,245,202,43,No,Yes,Yes,No,No,34566,No,Yes,2024-09-15,2025-11-10
150,Laurie,Duncan,HR,Full-time,Basic,4,368,298,70,No,Yes,No,Yes,Yes,45572,Yes,Yes,2022-09-13,2023-07-02
151,Mary,Harper,Support,Part-time,Basic,2,541,432,109,No,No,Yes,Yes,No,42908,No,Yes,2023-05-10,2025-02-02
152,Jimmy,Mcdaniel,Legal,Part-time,Premium,0,590,441,149,No,No,No,No,Yes,28516,No,Yes,2024-12-24,2025-05-23
153,Sylvia,Jackson,Operations,Full-time,Standard,4,208,150,58,Yes,No,No,No,No,28562,No,Yes,2026-01-07,2026-01-13
154,Nicolas,Sheppard,Support,Full-time,Premium,2,579,449,130,No,No,Yes,Yes,No,20599,No,Yes,2026-01-01,2026-01-04
155,Christine,Green,Sales,Full-time,Premium,2,417,309,108,No,Yes,No,Yes,Yes,51084,No,Yes,2025-08-25,2026-01-10
156,Matthew,Fletcher,HR,Part-time,Standard,2,306,247,59,No,Yes,Yes,No,No,49960,No,No,2023-02-25,2024-05-22
157,Loretta,Collins,Legal,Full-time,Premium,1,383,268,115,Yes,Yes,Yes,Yes,Yes,45824,Yes,No,2021-12-29,2022-05-07
158,Christina,Bishop,Finance,Part-time,Standard,2,460,377,83,Yes,Yes,No,Yes,No,29146,Yes,No,2025-01-10,2025-09-16
159,Paul,Mathis,Sales,Part-time,Standard,2,427,302,125,No,No,No,Yes,No,37195,Yes,No,2025-12-30,2026-01-06
160,April,Mccullough,HR,Full-time,Premium,0,550,399,151,No,No,No,No,No,45533,Yes,Yes,2024-12-19,2024-12-29
161,Brian,Foster,Legal,Part-time,Basic,2,394,303,91,Yes,No,Yes,Yes,Yes,54319,No,No,2024-09-24,2025-10-04
162,Kimberly,Decker,HR,Part-time,Premium,0,297,213,84,Yes,Yes,No,Yes,No,34226,Yes,Yes,2024-07-04,2024-09-03
163,Randall,David,HR,Full-time,Standard,1,450,379,71,No,No,No,No,Yes,44626,Yes,Yes,2022-04-11,2025-06-27
164,Bryan,Martinez,Marketing,Part-time,Premium,2,224,174,50,No,No,No,No,Yes,31773,Yes,No,2025-03-27,2025-09-15
165,Matthew,Ortiz,IT,Part-time,Premium,1,368,302,66,No,No,Yes,Yes,No,21417,No,Yes,2021-05-06,2023-07-07
166,Benjamin,White,Operations,Part-time,Basic,0,203,156,47,Yes,Yes,Yes,No,Yes,36519,No,Yes,2024-09-27,2025-02-27
167,Joseph,Crosby,IT,Full-time,Basic,2,177,124,53,Yes,No,No,No,Yes,38491,No,Yes,2025-01-20,2025-05-19
168,Melissa,Jones,Marketing,Part-time,Basic,1,165,118,47,Yes,No,Yes,No,Yes,25121,Yes,No,2024-09-19,2025-05-01
169,Ariel,Reed,Sales,Full-time,Premium,1,218,172,46,No,Yes,No,No,No,41525,Yes,No,2021-10-06,2025-08-14
170,Timothy,Villarreal,HR,Full-time,Premium,1,277,194,83,Yes,No,Yes,Yes,Yes,37357,No,Yes,2022-04-21,2025-05-27
171,Terri,Crawford,Legal,Part-time,Premium,1,435,317,118,Yes,Yes,No,No,Yes,41018,No,No,2023-10-26,2024-05-20
172,Daniel,Kennedy,Sales,Full-time,Premium,2,392,298,94,Yes,No,Yes,Yes,No,59340,No,No,2022-02-01,2025-11-14
173,Margaret,Taylor,HR,Part-time,Standard,1,533,420,113,No,Yes,Yes,No,No,26328,No,Yes,2023-09-04,2024-05-25
174,Keith,Rodriguez,Finance,Full-time,Premium,0,547,450,97,No,No,No,Yes,No,52610,No,Yes,2025-09-30,2026-01-02
175,Colleen,Smith,Marketing,Part-time,Premium,2,505,368,137,Yes,No,Yes,No,No,40630,Yes,No,2024-08-01,2026-01-02
176,Danielle,Stanley,Legal,Part-time,Standard,2,286,226,60,No,No,No,Yes,Yes,28030,No,Yes,2021-02-06,2023-07-26
177,Samuel,Clark,Operations,Part-time,Standard,0,587,483,104,No,Yes,Yes,Yes,Yes,55449,Yes,No,2025-08-09,2025-09-25
178,Tammy,Ashley,Marketing,Part-time,Standard,2,325,275,50,No,Yes,Yes,No,No,55769,Yes,Yes,2021-10-16,2024-02-04
179,Jason,Sanchez,Sales,Part-time,Basic,1,470,378,92,Yes,No,No,Yes,Yes,20300,No,Yes,2023-06-03,2024-07-20
180,Derek,Miller,Legal,Part-time,Premium,1,170,135,35,Yes,Yes,No,No,No,26690,Yes,No,2022-04-26,2025-02-05
181,Nicole,Reed,IT,Part-time,Premium,1,560,423,137,Yes,Yes,No,Yes,No,38949,Yes,No,2023-08-08,2025-09-23
182,Andre,Bryant,IT,Full-time,Premium,3,597,475,122,Yes,Yes,Yes,Yes,Yes,51770,Yes,No,2024-05-30,2025-08-24
183,Sophia,Lewis,Finance,Part-time,Basic,1,321,250,71,No,No,No,No,No,34924,No,No,2025-10-25,2026-01-13
184,Heidi,Kramer,Legal,Full-time,Premium,2,437,370,67,No,No,Yes,Yes,Yes,57121,Yes,Yes,2023-01-13,2025-05-25
185,Jeffery,Edwards,Finance,Full-time,Premium,0,303,244,59,No,No,Yes,Yes,No,28039,No,No,2023-12-31,2024-11-12
186,Joshua,Howard,HR,Full-time,Basic,0,378,289,89,No,No,Yes,No,No,31863,Yes,Yes,2025-12-31,2026-01-12
187,Nathan,Williams,HR,Full-time,Basic,4,579,413,166,Yes,No,No,Yes,Yes,34219,Yes,No,2025-11-14,2025-11-15
188,Kara,Frazier,Finance,Full-time,Premium,0,555,395,160,No,No,Yes,No,No,43816,Yes,No,2022-11-23,2023-03-13
189,Glenn,Gill,IT,Part-time,Basic,0,311,262,49,Yes,No,Yes,Yes,No,38616,Yes,No,2024-08-12,2025-05-11
190,Jeanne,Miranda,Operations,Part-time,Basic,2,542,385,157,Yes,Yes,No,Yes,No,23530,Yes,No,2022-07-17,2025-07-14
191,Denise,Oliver,Support,Part-time,Premium,0,173,136,37,Yes,No,Yes,No,No,45425,No,No,2023-11-27,2024-10-29
192,Ryan,Kim,Finance,Part-time,Premium,0,579,410,169,No,Yes,Yes,No,No,25939,No,No,2023-09-11,2023-12-30
193,Dawn,Banks,HR,Part-time,Standard,0,575,447,128,No,Yes,No,No,No,46524,No,Yes,2022-05-19,2025-03-04
194,Jacqueline,Harris,Marketing,Part-time,Standard,1,291,215,76,No,Yes,Yes,Yes,Yes,42965,Yes,Yes,2023-05-04,2025-02-05
195,Jeffery,Sellers,HR,Full-time,Standard,3,240,176,64,No,Yes,No,Yes,No,53008,No,No,2022-08-29,2025-06-16
196,Kimberly,Hall,HR,Part-time,Standard,0,546,446,100,Yes,Yes,Yes,No,No,26244,Yes,Yes,2023-07-09,2024-11-01
197,Patricia,Baker,Operations,Full-time,Standard,1,444,325,119,Yes,No,No,No,Yes,49626,Yes,No,2022-03-20,2023-08-23
198,James,Robles,Legal,Part-time,Standard,1,491,369,122,Yes,Yes,No,Yes,Yes,29145,Yes,Yes,2024-10-12,2025-10-13
199,Robert,Cain,Marketing,Part-time,Basic,2,224,165,59,Yes,No,Yes,No,No,31748,Yes,Yes,2025-12-27,2025-12-29
200,Leslie,Butler,Marketing,Part-time,Premium,2,456,329,127,Yes,No,No,No,No,45486,No,No,2024-02-06,2025-05-23
201,Edward,Bradley,Operations,Full-time,Standard,1,319,236,83,Yes,Yes,No,No,No,42566,No,Yes,2023-02-25,2025-09-18
202,Joseph,Collins,Sales,Full-time,Standard,0,250,186,64,No,No,Yes,No,Yes,53518,No,No,2024-03-22,2025-07-22
203,Sandra,Cain,HR,Part-time,Basic,0,453,367,86,Yes,Yes,No,No,Yes,34873,Yes,Yes,2024-11-06,2025-07-27
204,Roger,Bell,Legal,Full-time,Standard,0,253,189,64,Yes,No,Yes,Yes,No,26471,Yes,No,2023-02-16,2024-07-20
205,Jennifer,Allen,Finance,Part-time,Standard,1,599,487,112,No,Yes,Yes,Yes,Yes,48803,Yes,No,2023-05-28,2024-10-31
206,Jason,Warren,Operations,Full-time,Premium,0,237,168,69,No,No,Yes,Yes,No,28008,No,No,2021-01-30,2024-11-20
207,Taylor,Vazquez,IT,Part-time,Basic,1,225,165,60,No,Yes,Yes,No,Yes,29748,No,Yes,2021-05-05,2022-09-07
208,Bethany,Turner,HR,Part-time,Basic,1,502,374,128,Yes,No,Yes,No,No,40356,Yes,Yes,2022-02-28,2025-05-14
209,Nicole,Hernandez,Operations,Part-time,Standard,1,277,230,47,No,No,No,Yes,Yes,35289,Yes,No,2023-04-05,2025-11-19
210,Justin,Thompson,Legal,Part-time,Standard,2,224,175,49,No,No,Yes,Yes,Yes,47289,Yes,No,2023-06-08,2025-07-05
211,John,Reyes,Finance,Full-time,Basic,1,328,252,76,No,No,No,No,Yes,59696,Yes,Yes,2025-03-07,2025-06-10
212,Amber,Huff,HR,Part-time,Premium,2,589,450,139,Yes,Yes,Yes,Yes,Yes,56074,Yes,Yes,2025-06-24,2025-12-19
213,Troy,Johnson,HR,Full-time,Basic,3,181,146,35,Yes,No,Yes,Yes,No,50521,Yes,No,2023-08-03,2025-12-02
214,Aaron,Patterson,Marketing,Part-time,Basic,2,296,240,56,No,No,Yes,No,No,52680,No,No,2022-02-17,2022-06-04
215,Gregory,Mitchell,Sales,Full-time,Premium,1,499,419,80,No,Yes,No,Yes,No,50610,Yes,No,2025-12-17,2025-12-30
216,Kayla,Love,Support,Full-time,Basic,1,382,302,80,Yes,No,Yes,Yes,Yes,30670,No,Yes,2021-02-07,2023-12-12
217,Gabrielle,Chaney,Finance,Full-time,Basic,3,258,191,67,Yes,No,No,No,Yes,37169,No,No,2022-11-02,2025-08-25
218,Amber,Woods,Operations,Part-time,Standard,0,221,163,58,No,No,Yes,Yes,Yes,53372,Yes,No,2025-05-16,2025-06-14
219,Steven,Miller,Operations,Full-time,Basic,3,379,302,77,No,Yes,No,No,Yes,35308,No,Yes,2021-06-08,2024-06-03
220,Renee,White,Operations,Part-time,Standard,1,546,447,99,No,No,Yes,Yes,No,57018,No,Yes,2024-04-23,2025-05-26
221,Joseph,Leonard,IT,Full-time,Standard,3,343,257,86,No,Yes,Yes,No,Yes,44130,Yes,No,2023-09-27,2023-12-03
222,Julia,Price,Support,Part-time,Standard,2,158,133,25,No,No,Yes,Yes,No,21123,No,No,2022-08-14,2024-02-21
223,Stephen,Campbell,Operations,Part-time,Premium,0,355,273,82,Yes,No,Yes,Yes,Yes,31000,Yes,Yes,2022-03-14,2024-09-17
224,Clayton,Thompson,IT,Full-time,Basic,0,367,287,80,Yes,No,Yes,No,Yes,52213,Yes,Yes,2023-08-13,2024-06-24
225,Angela,Hunter,Sales,Part-time,Basic,1,353,293,60,Yes,No,Yes,Yes,Yes,53327,No,No,2022-12-06,2025-12-06
226,Christopher,Harris,Finance,Part-time,Basic,2,318,230,88,No,No,Yes,Yes,No,50965,No,No,2024-01-06,2025-11-09
227,Brittney,Green,Finance,Full-time,Premium,2,211,176,35,No,No,Yes,No,Yes,45311,No,No,2022-03-11,2025-04-08
228,Juan,Mitchell,Marketing,Full-time,Premium,2,593,448,145,No,No,Yes,Yes,Yes,40870,Yes,Yes,2025-09-17,2025-11-20
229,Jennifer,Hardin,Support,Full-time,Premium,1,326,259,67,Yes,Yes,No,No,No,36607,No,No,2025-07-22,2025-08-11
230,Ann,Hernandez,Operations,Full-time,Basic,3,563,434,129,No,Yes,No,Yes,No,23749,No,Yes,2023-04-15,2025-08-16
231,Brandon,Barrera,Marketing,Full-time,Standard,3,418,303,115,No,No,Yes,Yes,Yes,24487,Yes,Yes,2021-11-03,2022-02-17
232,Denise,Anderson,Legal,Full-time,Basic,0,473,362,111,Yes,Yes,No,No,No,32593,Yes,No,2024-01-04,2024-02-08
233,Leslie,Grant,Sales,Full-time,Basic,0,281,203,78,Yes,No,Yes,No,Yes,27940,No,Yes,2022-03-28,2022-07-06
234,Lori,Kemp,Marketing,Part-time,Standard,0,336,251,85,No,Yes,No,Yes,No,54157,No,No,2025-11-01,2025-12-29
235,Keith,Weaver,HR,Full-time,Standard,0,531,374,157,No,No,No,Yes,Yes,38136,No,Yes,2023-02-25,2025-07-01
236,Jennifer,Deleon,Marketing,Part-time,Premium,2,591,454,137,Yes,No,Yes,Yes,Yes,25446,Yes,Yes,2026-01-18,2026-01-18
237,Travis,Scott,Finance,Full-time,Premium,4,321,243,78,Yes,No,Yes,No,Yes,28382,No,Yes,2024-10-28,2025-06-24
238,Brandon,Holmes,Support,Part-time,Standard,0,567,471,96,No,No,Yes,Yes,Yes,36990,No,Yes,2021-07-24,2024-06-19
239,Nicole,Robinson,Finance,Part-time,Standard,0,560,394,166,Yes,Yes,No,Yes,No,57081,No,No,2025-07-07,2026-01-02
240,Anthony,Ramos,Support,Full-time,Standard,4,552,402,150,Yes,Yes,No,No,Yes,54278,No,Yes,2025-02-19,2025-11-13
241,Kelsey,Hill,HR,Full-time,Premium,0,190,154,36,No,Yes,No,No,Yes,44061,Yes,Yes,2022-01-19,2022-12-27
242,Dorothy,Price,IT,Full-time,Premium,1,378,288,90,No,No,No,No,Yes,23905,Yes,Yes,2023-01-02,2024-02-22
243,Nicole,Smith,Marketing,Part-time,Premium,0,302,216,86,Yes,No,Yes,Yes,No,53268,Yes,Yes,2023-08-16,2024-03-21
244,Diane,Foster,Support,Full-time,Standard,0,421,344,77,No,No,Yes,No,No,55861,Yes,Yes,2025-07-29,2025-08-11
245,Daniel,Mora,Legal,Full-time,Premium,1,238,189,49,Yes,Yes,Yes,Yes,No,25078,No,No,2022-10-01,2024-02-25
246,Jennifer,Luna,Legal,Full-time,Premium,3,506,375,131,Yes,No,Yes,No,Yes,44996,No,Yes,2024-03-16,2025-10-04
247,Jamie,Lynch,Sales,Part-time,Basic,2,516,389,127,No,No,Yes,No,No,47416,No,No,2021-12-14,2021-12-27
248,Anthony,Conley,Operations,Full-time,Basic,4,344,245,99,No,No,Yes,No,No,54959,No,Yes,2024-10-19,2025-05-31
249,Brittany,Stein,Finance,Part-time,Standard,1,179,126,53,Yes,Yes,Yes,No,No,40629,No,Yes,2021-02-09,2024-12-21
250,Jennifer,Rodriguez,Operations,Part-time,Basic,2,330,241,89,No,No,Yes,No,No,35039,Yes,Yes,2021-11-10,2023-07-03
251,Erica,Franklin,Support,Part-time,Standard,1,294,208,86,No,No,No,No,No,23739,No,Yes,2023-02-13,2023-12-15
252,Emily,Bishop,Finance,Part-time,Premium,2,343,243,100,No,Yes,No,Yes,Yes,24361,Yes,Yes,2023-08-19,2024-04-04
253,Brian,Patel,HR,Full-time,Standard,0,554,392,162,No,No,No,Yes,Yes,20416,Yes,No,2023-10-05,2023-10-27
254,Harry,Banks,Sales,Full-time,Basic,4,369,259,110,Yes,Yes,Yes,Yes,No,47210,Yes,Yes,2021-03-17,2024-09-04
255,Christopher,Wilson,Legal,Full-time,Basic,4,407,289,118,No,Yes,Yes,Yes,No,32254,No,Yes,2021-09-19,2022-10-09
256,Renee,Henderson,Support,Full-time,Basic,1,320,228,92,No,No,Yes,Yes,Yes,54868,Yes,Yes,2022-02-13,2023-01-10
257,Brandon,Lam,Sales,Part-time,Basic,0,238,177,61,Yes,No,Yes,Yes,No,50804,Yes,Yes,2025-05-01,2025-07-03
258,Alexander,Watkins,Finance,Part-time,Basic,1,314,236,78,No,Yes,No,Yes,Yes,38222,Yes,Yes,2021-07-29,2022-05-07
259,Brittany,Kramer,Finance,Full-time,Premium,1,187,136,51,Yes,No,Yes,No,Yes,43090,Yes,No,2024-04-04,2024-06-18
260,Jennifer,Porter,Sales,Part-time,Basic,0,462,376,86,No,Yes,No,Yes,No,36307,Yes,No,2023-02-04,2023-06-08
261,Jose,Parker,Marketing,Full-time,Premium,1,312,264,48,No,No,No,Yes,No,51515,Yes,Yes,2024-03-03,2025-10-27
262,Christina,Miller,IT,Part-time,Basic,2,553,451,102,No,No,No,Yes,No,27774,Yes,Yes,2021-03-22,2021-08-11
263,Juan,Chambers,Operations,Full-time,Premium,1,207,161,46,Yes,No,Yes,Yes,Yes,41487,Yes,Yes,2023-05-15,2024-10-01
264,Jason,Lawrence,Support,Full-time,Premium,3,525,416,109,Yes,Yes,Yes,Yes,Yes,38349,Yes,Yes,2025-10-12,2025-12-08
265,Denise,Lopez,IT,Part-time,Basic,2,357,257,100,No,No,No,No,No,49341,Yes,Yes,2021-03-22,2025-06-14
266,Todd,Thompson,HR,Full-time,Premium,4,291,233,58,No,No,No,No,No,37326,Yes,Yes,2021-06-21,2022-03-23
267,Barbara,Martinez,Finance,Part-time,Basic,2,252,196,56,No,Yes,No,Yes,No,54055,No,Yes,2024-07-18,2025-06-29
268,Scott,Knight,Support,Full-time,Basic,0,210,170,40,Yes,No,No,No,Yes,50613,Yes,Yes,2021-08-20,2025-11-17
269,Carolyn,Luna,HR,Part-time,Standard,2,595,466,129,No,Yes,Yes,Yes,No,32301,No,Yes,2021-07-13,2022-04-07
270,John,Rhodes,Legal,Part-time,Basic,0,424,306,118,Yes,Yes,No,No,No,37137,No,Yes,2024-02-16,2025-08-27
271,Carol,Howard,Sales,Part-time,Premium,2,548,393,155,No,No,Yes,No,No,36526,Yes,Yes,2022-03-12,2026-01-06
272,Jason,Adams,Marketing,Part-time,Premium,0,323,257,66,No,No,No,Yes,No,24724,No,No,2022-03-16,2023-07-01
273,Sarah,Hamilton,Support,Part-time,Standard,0,260,209,51,No,Yes,Yes,Yes,Yes,31272,Yes,Yes,2021-01-31,2021-09-06
274,Brett,Davis,Support,Part-time,Standard,0,378,312,66,Yes,No,Yes,Yes,Yes,32361,No,Yes,2022-05-02,2022-12-20
275,Ronald,Rodriguez,Legal,Full-time,Basic,3,579,463,116,No,Yes,Yes,No,Yes,58906,No,Yes,2023-07-10,2025-02-19
276,Monica,Aguilar,Sales,Full-time,Standard,3,349,266,83,Yes,Yes,No,Yes,No,21980,No,No,2021-10-02,2025-06-03
277,Shane,Gordon,Support,Part-time,Premium,1,319,263,56,Yes,No,No,Yes,No,44573,No,No,2022-01-18,2023-07-30
278,Javier,Clark,Marketing,Full-time,Premium,1,584,445,139,Yes,Yes,No,No,No,30124,No,No,2024-08-07,2025-06-27
279,Stephanie,Fox,Support,Part-time,Premium,1,261,217,44,No,Yes,No,Yes,No,52616,No,No,2025-01-13,2025-03-23
280,Lisa,Bell,Operations,Full-time,Premium,4,207,151,56,No,Yes,Yes,Yes,No,45625,No,Yes,2024-03-14,2025-09-11
281,Lauren,Diaz,IT,Part-time,Premium,1,567,412,155,Yes,Yes,No,Yes,No,36575,No,Yes,2024-03-09,2024-10-28
282,Haley,Tanner,Legal,Part-time,Premium,1,519,417,102,No,Yes,No,Yes,Yes,25340,Yes,No,2021-12-19,2025-02-08
283,Kelsey,Johnson,Sales,Part-time,Standard,1,521,415,106,No,No,No,No,No,44256,No,No,2023-12-27,2025-11-14
284,Linda,Fisher,Sales,Full-time,Basic,0,322,239,83,No,No,No,No,No,56028,No,No,2023-03-15,2025-05-21
285,Sarah,Morris,Sales,Part-time,Premium,0,151,120,31,Yes,Yes,No,Yes,Yes,30124,No,No,2025-09-23,2025-10-09
286,Chad,Le,Operations,Part-time,Standard,2,193,160,33,No,No,Yes,Yes,No,24018,Yes,Yes,2022-10-08,2024-12-10
287,Destiny,Lopez,IT,Full-time,Basic,1,235,173,62,Yes,No,No,Yes,Yes,20280,No,No,2023-02-09,2025-07-10
288,Marie,Solis,Operations,Part-time,Basic,1,397,314,83,No,Yes,No,No,No,20175,No,No,2021-01-26,2025-02-15
289,Kiara,Johns,IT,Part-time,Basic,2,395,328,67,Yes,No,Yes,No,No,54218,Yes,Yes,2023-11-10,2025-04-17
290,Eric,Rodriguez,Marketing,Full-time,Premium,4,389,300,89,Yes,Yes,No,No,Yes,32187,No,No,2021-08-01,2023-04-16
291,Matthew,Wilson,Support,Part-time,Premium,1,336,283,53,Yes,No,Yes,Yes,Yes,30927,No,No,2021-07-08,2023-03-08
292,Ashley,Lee,IT,Part-time,Standard,2,429,359,70,Yes,Yes,No,Yes,No,39583,No,No,2021-09-10,2022-05-22
293,Jennifer,Moss,HR,Part-time,Premium,0,199,158,41,No,No,No,No,No,58911,Yes,No,2023-03-23,2025-01-27
294,Mark,Cole,Marketing,Part-time,Basic,2,445,312,133,No,No,Yes,No,Yes,23851,Yes,Yes,2022-01-03,2024-02-13
295,Jeremy,Cobb,Finance,Part-time,Basic,0,152,121,31,No,Yes,No,Yes,No,20809,No,No,2025-03-10,2025-12-08
296,Whitney,Freeman,IT,Part-time,Premium,2,293,237,56,No,Yes,No,Yes,Yes,30452,Yes,Yes,2022-01-17,2022-01-21
297,Oscar,Davis,Finance,Part-time,Standard,0,434,339,95,Yes,Yes,Yes,No,Yes,23830,Yes,Yes,2021-10-11,2024-03-20
298,Keith,Massey,IT,Part-time,Standard,0,329,236,93,No,Yes,No,Yes,Yes,32707,Yes,No,2022-02-28,2024-01-16
299,Justin,Walker,Operations,Part-time,Basic,1,291,210,81,Yes,No,Yes,Yes,Yes,36404,Yes,No,2021-07-13,2024-11-16
300,Daniel,Anderson,Support,Full-time,Basic,0,453,344,109,No,No,No,Yes,No,57072,No,Yes,2025-11-10,2026-01-05
301,John,Brown,Sales,Part-time,Premium,2,260,212,48,No,No,No,No,Yes,22816,No,No,2025-11-14,2025-11-17
302,Briana,Lee,Sales,Part-time,Basic,2,462,339,123,No,No,No,No,No,20162,No,No,2023-05-10,2024-06-16
303,Rachel,Brown,HR,Full-time,Standard,4,487,411,76,Yes,No,No,No,No,47005,No,Yes,2024-11-02,2025-04-13
304,Kayla,Brown,Finance,Full-time,Standard,0,559,444,115,No,No,No,No,Yes,57793,No,No,2022-11-08,2024-11-01
305,Elizabeth,Mitchell,Legal,Full-time,Basic,1,409,295,114,No,Yes,No,Yes,Yes,33496,Yes,Yes,2022-03-03,2025-07-20
306,Lisa,Webster,Support,Part-time,Premium,0,457,388,69,No,Yes,Yes,Yes,No,27415,Yes,No,2023-08-10,2025-09-21
307,Bryan,Faulkner,Support,Full-time,Standard,1,229,164,65,Yes,No,Yes,No,No,55330,Yes,No,2024-08-24,2024-12-16
308,Cathy,Mckee,IT,Full-time,Premium,0,402,339,63,No,Yes,No,No,No,24669,Yes,Yes,2021-06-23,2022-09-13
309,Cody,Allen,Marketing,Part-time,Premium,0,276,206,70,No,No,No,No,Yes,28627,No,No,2024-03-30,2024-12-05
310,Mark,White,IT,Full-time,Standard,4,496,416,80,Yes,No,No,Yes,Yes,30881,Yes,Yes,2021-04-14,2024-08-11
311,Jason,Huff,Marketing,Full-time,Standard,4,165,127,38,No,No,Yes,Yes,No,36534,Yes,No,2025-01-12,2025-12-05
312,Michaela,Martinez,Legal,Part-time,Basic,1,398,309,89,No,No,Yes,No,Yes,52382,Yes,No,2024-12-20,2025-07-06
313,Charles,Sutton,IT,Part-time,Standard,0,293,236,57,No,Yes,Yes,No,No,55799,No,Yes,2025-08-16,2026-01-08
314,Sara,Daniels,Finance,Part-time,Standard,2,550,391,159,No,No,Yes,Yes,Yes,49735,No,Yes,2024-03-04,2024-03-14
315,Jennifer,Riley,Sales,Part-time,Standard,0,170,136,34,Yes,Yes,Yes,Yes,Yes,23598,Yes,Yes,2021-04-04,2025-10-21
316,Susan,Bennett,Legal,Part-time,Premium,1,563,447,116,Yes,Yes,No,No,No,26601,No,No,2025-08-23,2026-01-01
317,Kelly,Ellis,Finance,Part-time,Standard,1,310,259,51,Yes,No,Yes,No,No,41486,Yes,No,2023-05-13,2025-01-05
318,Connie,Rodriguez,Legal,Part-time,Premium,2,291,221,70,No,Yes,Yes,No,No,34502,No,Yes,2023-01-22,2024-11-03
319,Veronica,Riley,Legal,Full-time,Premium,0,390,300,90,No,No,No,Yes,No,37477,No,Yes,2023-05-23,2024-03-25
320,Eric,Black,Legal,Full-time,Basic,4,292,234,58,No,Yes,Yes,No,No,59007,Yes,Yes,2023-10-19,2023-11-02
321,Nathan,Joseph,Legal,Full-time,Basic,2,524,438,86,Yes,No,Yes,No,No,27335,Yes,No,2021-03-07,2023-04-06
322,Christopher,Walker,Sales,Part-time,Basic,1,499,382,117,No,No,Yes,No,Yes,34230,No,Yes,2024-08-14,2024-08-23
323,Kevin,Dixon,Support,Full-time,Standard,3,355,255,100,Yes,No,No,Yes,Yes,38385,Yes,No,2021-11-20,2023-05-20
324,Samantha,Middleton,Operations,Full-time,Premium,0,529,417,112,Yes,Yes,Yes,No,Yes,27092,Yes,Yes,2025-08-06,2025-08-29
325,Michael,Howe,Finance,Part-time,Premium,0,255,213,42,No,Yes,Yes,Yes,No,53087,Yes,Yes,2024-03-21,2025-08-24
326,Elizabeth,Gonzalez,Operations,Part-time,Basic,1,168,119,49,No,Yes,Yes,No,Yes,39704,No,Yes,2022-01-19,2025-05-04
327,Caitlin,Anderson,Marketing,Part-time,Basic,0,545,459,86,No,Yes,No,No,Yes,24649,No,No,2022-10-23,2026-01-01
328,Antonio,Hardy,Marketing,Full-time,Standard,2,270,193,77,No,No,No,No,No,55826,No,No,2023-09-20,2025-12-14
329,James,Wagner,Finance,Part-time,Basic,2,244,182,62,Yes,Yes,Yes,Yes,No,42452,No,No,2025-01-11,2025-08-03
330,Brittney,Ross,HR,Full-time,Basic,3,322,258,64,No,Yes,Yes,Yes,Yes,38480,Yes,Yes,2021-11-16,2023-09-11
331,Andrew,Williams,Marketing,Part-time,Standard,1,578,467,111,Yes,No,Yes,No,No,44596,No,No,2023-04-11,2025-04-25
332,Kimberly,Stephens,Sales,Full-time,Premium,3,479,348,131,No,Yes,Yes,Yes,No,20492,Yes,Yes,2024-12-13,2025-11-02
333,Elizabeth,King,Support,Part-time,Basic,0,206,144,62,Yes,Yes,No,No,No,26642,Yes,No,2022-12-31,2024-08-22
334,Heather,Stafford,Finance,Full-time,Standard,1,536,416,120,Yes,No,No,Yes,Yes,59077,No,Yes,2022-04-09,2024-02-17
335,Robert,Castillo,HR,Full-time,Standard,1,306,255,51,No,No,Yes,No,Yes,35603,Yes,Yes,2022-07-14,2023-12-10
336,Todd,Scott,Support,Full-time,Basic,4,188,136,52,Yes,No,No,Yes,Yes,59835,No,Yes,2025-08-18,2025-12-19
337,Joshua,Gilbert,HR,Part-time,Basic,0,340,284,56,Yes,No,Yes,Yes,Yes,42921,Yes,Yes,2024-02-17,2025-06-07
338,Matthew,Bender,Legal,Part-time,Premium,1,349,266,83,Yes,Yes,No,No,No,26850,Yes,Yes,2022-11-15,2025-04-20
339,Michael,Crosby,IT,Full-time,Basic,2,267,215,52,Yes,Yes,No,Yes,No,33591,No,No,2024-10-02,2025-07-08
340,Zachary,Crane,Support,Part-time,Standard,2,558,392,166,No,No,Yes,No,No,39094,Yes,Yes,2025-03-01,2026-01-02
341,Yolanda,Ramsey,HR,Full-time,Premium,0,423,327,96,Yes,Yes,Yes,No,No,48244,No,Yes,2022-07-10,2024-12-28
342,Heidi,Holmes,HR,Full-time,Standard,2,462,342,120,Yes,No,Yes,No,No,26568,No,No,2022-03-20,2025-03-29
343,Emily,Harris,Support,Full-time,Premium,3,458,374,84,No,Yes,Yes,No,Yes,42013,No,No,2024-05-03,2025-07-22
344,Thomas,Tucker,Legal,Part-time,Standard,2,524,417,107,Yes,No,No,No,No,52315,Yes,Yes,2025-04-11,2026-01-18
345,Robert,Cruz,HR,Part-time,Premium,2,398,327,71,No,No,Yes,No,Yes,47696,No,No,2024-09-03,2025-05-25
346,Chelsea,Green,Finance,Full-time,Standard,1,379,304,75,No,No,Yes,Yes,No,57271,Yes,Yes,2023-01-11,2025-10-31
347,Cory,Martinez,Legal,Full-time,Standard,2,536,434,102,No,No,No,Yes,No,45008,Yes,No,2025-12-16,2025-12-23
348,Phillip,Terry,IT,Full-time,Basic,1,334,237,97,No,Yes,Yes,Yes,Yes,52851,No,Yes,2025-10-31,2025-12-19
349,Nicole,Ramirez,HR,Part-time,Standard,0,589,417,172,No,No,Yes,Yes,No,26585,Yes,Yes,2022-08-20,2023-06-15
350,Tracy,Nelson,Operations,Full-time,Premium,2,402,302,100,No,Yes,Yes,Yes,Yes,56346,No,No,2024-09-15,2025-10-21
351,Michael,Curtis,Support,Full-time,Basic,2,323,264,59,No,No,Yes,No,No,31093,Yes,No,2022-04-02,2023-10-13
352,Teresa,Walsh,Legal,Full-time,Basic,0,406,343,63,No,Yes,Yes,Yes,No,42944,Yes,No,2023-01-27,2024-11-26
353,Victoria,Lopez,Sales,Part-time,Premium,0,540,438,102,Yes,Yes,No,Yes,No,30797,No,Yes,2025-02-18,2025-08-25
354,Mary,Wagner,IT,Part-time,Basic,0,173,139,34,Yes,Yes,No,Yes,Yes,57008,Yes,Yes,2024-09-13,2025-09-24
355,Wendy,Howard,Sales,Full-time,Standard,3,491,399,92,Yes,Yes,No,No,Yes,45920,Yes,No,2022-05-24,2025-03-03
356,Penny,Velasquez,Legal,Full-time,Premium,2,316,245,71,Yes,Yes,Yes,Yes,No,59788,Yes,No,2025-10-04,2025-10-26
357,Craig,Thompson,Operations,Part-time,Basic,0,178,136,42,Yes,Yes,Yes,Yes,No,26121,Yes,No,2025-06-15,2025-06-20
358,Matthew,Kent,IT,Full-time,Basic,3,150,125,25,Yes,No,Yes,Yes,Yes,47452,Yes,Yes,2022-12-31,2025-03-20
359,Timothy,Jones,HR,Part-time,Standard,2,369,270,99,No,Yes,Yes,Yes,Yes,29636,Yes,No,2025-09-03,2025-09-26
360,Joel,Rogers,Marketing,Part-time,Standard,2,312,224,88,No,No,No,Yes,Yes,30182,No,No,2022-03-27,2024-03-12
361,Katie,Riley,HR,Part-time,Standard,1,558,450,108,No,No,Yes,Yes,No,50909,No,No,2025-05-05,2025-05-21
362,Edward,Hubbard,Operations,Part-time,Basic,2,186,151,35,No,No,No,No,Yes,48236,No,Yes,2022-08-16,2025-09-18
363,Christine,Kelly,IT,Part-time,Basic,1,353,260,93,Yes,Yes,Yes,No,Yes,25656,No,Yes,2022-12-28,2025-01-15
364,David,Burnett,IT,Full-time,Basic,2,546,395,151,Yes,No,Yes,Yes,Yes,23802,Yes,Yes,2021-07-04,2023-09-22
365,Cameron,Mercer,HR,Part-time,Basic,1,553,469,84,No,No,Yes,Yes,No,21893,No,Yes,2022-10-16,2025-01-24
366,Crystal,Lopez,IT,Full-time,Premium,0,221,171,50,No,No,No,Yes,No,58329,No,Yes,2025-05-01,2025-08-26
367,John,Gray,Sales,Full-time,Premium,2,465,371,94,Yes,No,No,No,No,30711,Yes,Yes,2024-02-27,2025-09-25
368,Michael,Smith,Support,Part-time,Basic,0,162,117,45,Yes,Yes,Yes,Yes,Yes,35212,Yes,No,2023-11-06,2025-12-21
369,Danielle,Boyd,Marketing,Full-time,Standard,4,216,176,40,Yes,Yes,No,Yes,No,51737,No,Yes,2024-03-19,2026-01-06
370,Nicole,Castillo,Operations,Part-time,Standard,0,356,295,61,Yes,Yes,No,Yes,No,27141,Yes,No,2023-08-23,2025-09-01
371,Cassie,Rush,Legal,Full-time,Premium,3,370,261,109,Yes,Yes,No,No,Yes,50191,Yes,Yes,2023-10-13,2024-09-25
372,Melissa,Ware,Sales,Part-time,Premium,0,568,459,109,Yes,No,No,Yes,Yes,44207,No,Yes,2025-06-01,2025-06-16
373,Ann,Adams,IT,Full-time,Premium,4,153,115,38,No,No,Yes,Yes,Yes,34228,No,No,2022-05-28,2023-05-17
374,Ann,Williams,Finance,Full-time,Standard,1,280,206,74,No,No,No,No,Yes,26008,Yes,Yes,2025-04-04,2025-05-17
375,Johnny,Williams,Legal,Part-time,Premium,0,356,269,87,No,No,No,Yes,No,43987,Yes,Yes,2022-06-19,2023-07-03
376,Mandy,Patterson,Support,Part-time,Standard,0,501,409,92,Yes,No,Yes,No,No,45723,No,No,2025-02-05,2025-06-23
377,Mariah,Lee,Operations,Part-time,Standard,1,551,435,116,No,No,Yes,No,No,21704,No,Yes,2025-09-11,2025-11-26
378,Melissa,Murphy,Legal,Full-time,Premium,2,465,359,106,Yes,No,Yes,Yes,Yes,22674,No,No,2021-07-24,2025-09-06
379,Denise,Olson,IT,Full-time,Basic,1,393,293,100,Yes,Yes,No,Yes,Yes,32950,No,Yes,2021-12-29,2023-05-22
380,Katherine,Holden,Legal,Part-time,Standard,0,211,165,46,Yes,No,No,No,Yes,38111,No,No,2022-07-06,2023-04-24
381,Natalie,Willis,Marketing,Part-time,Basic,1,392,328,64,No,Yes,No,No,No,37227,No,Yes,2024-03-07,2025-08-16
382,William,Chapman,Operations,Full-time,Premium,2,319,248,71,No,Yes,Yes,Yes,No,41429,No,Yes,2021-02-07,2025-11-21
383,Evan,Woods,IT,Full-time,Basic,4,354,289,65,Yes,No,No,Yes,Yes,32985,No,No,2025-08-13,2025-12-29
384,Kenneth,Mcclain,Finance,Full-time,Premium,2,390,321,69,No,No,No,Yes,Yes,54210,Yes,No,2025-10-19,2025-10-22
385,Valerie,Jackson,Sales,Full-time,Standard,1,484,407,77,No,Yes,Yes,No,No,23515,Yes,No,2024-01-18,2024-09-04
386,Tom,Perkins,Sales,Full-time,Standard,3,540,442,98,No,No,Yes,Yes,No,27312,No,Yes,2021-09-23,2026-01-01
387,Emily,Morris,HR,Part-time,Basic,0,502,400,102,No,No,Yes,No,Yes,21993,Yes,No,2025-04-24,2025-09-30
388,Adam,Smith,Legal,Part-time,Basic,2,575,420,155,No,No,Yes,No,Yes,58511,Yes,Yes,2024-09-29,2025-06-25
389,Shannon,Jackson,Finance,Full-time,Premium,2,496,393,103,No,Yes,No,Yes,Yes,48700,No,No,2024-04-18,2025-04-15
390,Samuel,Gray,Marketing,Full-time,Basic,1,275,228,47,No,Yes,No,No,No,20616,Yes,No,2023-08-05,2023-12-01
391,Tammy,Harris,Sales,Part-time,Basic,0,526,410,116,No,No,Yes,No,Yes,21564,Yes,Yes,2024-11-01,2025-11-18
392,Anna,Montgomery,Support,Part-time,Premium,0,179,148,31,Yes,No,Yes,No,No,46378,No,No,2025-09-15,2025-12-03
393,Justin,Mann,Operations,Full-time,Standard,1,275,226,49,No,Yes,Yes,No,No,59881,No,Yes,2025-06-26,2025-11-12
394,Phillip,Price,Marketing,Part-time,Basic,1,249,176,73,No,No,No,Yes,Yes,49903,No,No,2024-09-11,2024-11-09
395,Shannon,Ho,Sales,Full-time,Standard,0,290,231,59,No,Yes,Yes,No,Yes,34839,Yes,Yes,2024-11-18,2025-02-27
396,Kathy,Scott,Legal,Full-time,Premium,0,489,392,97,No,No,No,No,No,41644,No,No,2023-08-09,2023-08-23
397,Dominic,Carter,Marketing,Full-time,Premium,4,421,318,103,Yes,No,No,No,Yes,39239,Yes,Yes,2022-09-28,2025-10-27
398,Gabrielle,Chen,Sales,Full-time,Standard,0,237,167,70,No,Yes,No,No,No,51532,No,No,2021-01-20,2023-09-06
399,Linda,Roman,Operations,Full-time,Standard,0,235,176,59,No,Yes,No,No,Yes,32262,No,No,2021-11-20,2025-06-08
400,Phillip,Hale,IT,Full-time,Standard,3,564,413,151,Yes,No,Yes,Yes,Yes,35985,Yes,No,2023-09-15,2023-09-21
401,David,Lucas,Operations,Part-time,Standard,0,260,189,71,No,No,Yes,Yes,Yes,21094,Yes,No,2023-06-28,2025-08-28
402,Judith,Hanson,IT,Full-time,Basic,4,567,476,91,Yes,Yes,Yes,No,No,33018,Yes,Yes,2022-06-07,2024-10-21
403,Rachel,Schultz,Finance,Full-time,Basic,4,541,380,161,Yes,No,Yes,Yes,No,40994,Yes,Yes,2021-06-02,2025-03-11
404,Michael,Ryan,Marketing,Full-time,Standard,1,318,226,92,No,No,Yes,No,No,43336,No,Yes,2025-10-04,2025-10-23
405,James,Jackson,Legal,Full-time,Basic,2,549,428,121,No,No,No,No,Yes,25846,No,Yes,2024-08-25,2025-01-24
406,Melissa,Snyder,IT,Full-time,Standard,0,263,189,74,Yes,No,No,No,No,59935,No,No,2022-09-12,2024-04-20
407,David,Adams,Finance,Full-time,Premium,4,309,235,74,Yes,Yes,No,Yes,No,42663,Yes,No,2024-06-16,2025-02-08
408,Nicholas,Cook,Legal,Full-time,Standard,4,155,115,40,No,No,Yes,Yes,No,50410,Yes,No,2022-03-11,2024-05-08
409,Molly,Woods,IT,Full-time,Premium,0,473,385,88,Yes,No,No,Yes,No,39973,Yes,No,2025-10-14,2025-12-29
410,Barbara,Carney,Sales,Full-time,Standard,2,593,420,173,Yes,No,Yes,No,No,54164,Yes,Yes,2025-03-09,2025-10-08
411,Victor,Barker,Support,Full-time,Premium,3,190,155,35,No,No,Yes,Yes,No,47723,Yes,No,2021-08-10,2023-03-21
412,Sharon,Herrera,Legal,Part-time,Basic,1,540,432,108,Yes,Yes,No,No,No,38279,No,Yes,2023-11-30,2025-10-24
413,Jesus,Hernandez,Marketing,Part-time,Standard,2,539,403,136,No,No,No,No,Yes,38996,Yes,Yes,2021-09-21,2023-03-04
414,Victoria,Stewart,IT,Part-time,Premium,1,408,333,75,No,No,Yes,No,Yes,48123,Yes,No,2025-11-04,2025-11-08
415,Tracy,Cooper,IT,Part-time,Basic,1,297,241,56,No,Yes,Yes,No,No,33191,No,No,2021-08-09,2025-12-13
416,Carolyn,Walker,Legal,Full-time,Premium,0,350,263,87,No,No,No,No,No,30081,No,Yes,2022-09-04,2025-02-01
417,Kathy,Fox,HR,Part-time,Premium,2,372,291,81,Yes,Yes,No,No,No,53528,Yes,No,2025-07-07,2026-01-04
418,Danny,Murillo,Finance,Full-time,Standard,1,242,203,39,No,Yes,No,No,No,55482,Yes,Yes,2023-03-29,2025-05-19
419,Jennifer,Ray,Legal,Part-time,Standard,1,316,237,79,Yes,Yes,No,No,No,56130,Yes,No,2024-08-14,2025-08-29
420,Ruben,Young,Sales,Full-time,Premium,0,365,296,69,Yes,No,Yes,Yes,Yes,58370,Yes,No,2024-01-22,2026-01-12
421,David,Cuevas,Legal,Full-time,Basic,1,426,347,79,Yes,Yes,No,Yes,Yes,33848,No,No,2023-06-08,2025-08-01
422,David,Rodriguez,Support,Full-time,Standard,0,387,318,69,No,No,No,No,No,25808,No,No,2024-11-26,2025-10-30
423,Stephanie,Reid,Support,Part-time,Premium,0,301,252,49,No,No,Yes,Yes,No,46617,Yes,No,2022-06-09,2023-10-31
424,Thomas,Brown,Legal,Part-time,Premium,2,243,178,65,Yes,Yes,No,No,Yes,47611,Yes,Yes,2024-05-07,2025-04-08
425,Gloria,Williams,Support,Part-time,Standard,0,466,380,86,Yes,No,Yes,No,No,24160,No,Yes,2025-05-11,2025-06-13
426,Melissa,Roberts,Finance,Part-time,Standard,0,384,317,67,Yes,Yes,Yes,Yes,Yes,46160,Yes,No,2024-03-10,2025-10-11
427,Jennifer,Hernandez,Support,Part-time,Basic,0,201,164,37,No,Yes,No,Yes,Yes,58561,Yes,No,2025-02-23,2025-08-24
428,Ashley,Boyd,Legal,Part-time,Premium,0,505,353,152,No,No,Yes,Yes,No,33224,No,Yes,2025-11-30,2026-01-05
429,Laura,Anderson,Support,Part-time,Basic,1,585,456,129,Yes,No,No,No,No,44419,Yes,No,2022-10-15,2024-07-25
430,Amanda,Brooks,Operations,Part-time,Standard,2,428,346,82,No,No,Yes,Yes,Yes,33231,No,Yes,2022-03-19,2025-02-02
431,Vicki,Poole,Sales,Part-time,Premium,2,597,472,125,Yes,Yes,No,No,No,38133,Yes,No,2024-12-23,2025-03-02
432,Kristina,Knight,Sales,Full-time,Basic,4,305,215,90,Yes,No,Yes,No,Yes,52048,No,Yes,2024-07-28,2025-02-01
433,Paul,Wright,Sales,Full-time,Basic,2,265,218,47,Yes,Yes,Yes,Yes,Yes,33207,No,No,2025-09-23,2025-10-18
434,Brian,Mason,Legal,Part-time,Standard,0,259,181,78,Yes,Yes,Yes,Yes,Yes,27076,Yes,Yes,2024-05-09,2024-06-07
435,Tammy,Sanders,Marketing,Part-time,Standard,0,250,179,71,Yes,No,No,Yes,No,41876,Yes,Yes,2021-12-21,2022-06-20
436,Kristin,Crawford,HR,Part-time,Standard,0,593,436,157,Yes,No,Yes,No,No,32956,Yes,No,2024-09-08,2024-10-03
437,Brian,Smith,Marketing,Part-time,Standard,0,323,272,51,Yes,No,No,Yes,Yes,56848,Yes,Yes,2025-01-18,2025-04-15
438,Ryan,Taylor,IT,Full-time,Premium,2,263,221,42,No,No,No,No,Yes,52746,Yes,No,2021-11-16,2023-02-09
439,Jonathan,Potts,IT,Full-time,Standard,0,227,183,44,No,Yes,No,Yes,No,40143,No,No,2022-06-18,2024-08-06
440,Andrew,Tucker,Sales,Part-time,Basic,2,330,251,79,No,No,No,Yes,No,54071,Yes,No,2023-05-21,2025-04-18
441,Jared,Acosta,Finance,Part-time,Basic,1,291,234,57,Yes,Yes,No,No,Yes,50654,Yes,Yes,2021-09-16,2025-08-06
442,Cheryl,Garcia,Sales,Full-time,Standard,4,333,234,99,Yes,Yes,Yes,Yes,Yes,33742,No,Yes,2022-06-10,2023-11-21
443,Douglas,Carroll,Legal,Part-time,Basic,0,378,317,61,Yes,Yes,No,Yes,No,56666,No,Yes,2024-12-14,2025-02-12
444,Lisa,Santana,Sales,Full-time,Premium,1,257,207,50,No,No,No,Yes,No,40875,Yes,Yes,2024-08-16,2024-09-16
445,Hannah,Hale,Support,Full-time,Basic,2,229,163,66,No,Yes,Yes,Yes,No,33090,No,No,2023-10-04,2025-06-04
446,Angela,Nelson,IT,Part-time,Standard,1,432,356,76,No,Yes,No,No,Yes,39681,Yes,Yes,2021-09-04,2025-12-06
447,Pamela,Rocha,IT,Part-time,Standard,0,518,419,99,Yes,No,No,No,Yes,50189,No,No,2022-04-10,2024-08-30
448,Alicia,Johnson,HR,Part-time,Premium,2,509,371,138,No,No,Yes,Yes,Yes,40369,Yes,No,2023-04-09,2024-04-06
449,Anna,Smith,IT,Full-time,Basic,4,208,163,45,Yes,Yes,No,No,No,32936,Yes,No,2021-07-31,2025-12-07
450,Erika,Washington,Sales,Part-time,Premium,2,443,361,82,No,Yes,Yes,No,Yes,24323,No,No,2022-05-17,2022-09-10
451,Janet,Smith,Operations,Part-time,Standard,0,581,451,130,Yes,Yes,Yes,Yes,No,46769,No,Yes,2024-10-02,2025-04-13
452,John,Wolfe,IT,Part-time,Basic,0,189,135,54,No,Yes,Yes,No,No,28408,Yes,Yes,2024-06-12,2025-11-15
453,Abigail,Jenkins,Marketing,Full-time,Premium,0,151,126,25,No,Yes,Yes,No,Yes,36405,No,No,2024-10-29,2024-12-27
454,Elizabeth,Moreno,Operations,Full-time,Standard,3,309,246,63,Yes,Yes,No,No,No,25191,No,No,2023-05-21,2024-03-20
455,Patrick,Freeman,HR,Part-time,Standard,1,220,157,63,No,Yes,No,No,Yes,57573,Yes,Yes,2021-05-30,2025-10-26
456,Peter,Bridges,Finance,Part-time,Basic,0,178,151,27,Yes,Yes,No,No,Yes,23023,No,Yes,2021-07-29,2021-10-22
457,Scott,Johnson,IT,Part-time,Premium,0,574,465,109,No,Yes,Yes,Yes,No,29867,No,No,2025-06-26,2025-08-08
458,Carrie,Chan,IT,Part-time,Standard,0,216,180,36,No,Yes,Yes,Yes,Yes,33444,No,Yes,2021-01-18,2025-04-04
459,Michael,Mccann,Legal,Part-time,Standard,1,162,124,38,No,No,No,Yes,Yes,23223,Yes,Yes,2024-07-05,2025-07-02
460,Brittany,Golden,Sales,Full-time,Standard,1,250,191,59,No,Yes,No,No,Yes,37462,Yes,No,2025-10-30,2026-01-15
461,Lisa,Robinson,IT,Part-time,Standard,2,271,207,64,No,No,Yes,No,Yes,44660,Yes,No,2023-02-03,2025-12-07
462,Susan,George,Finance,Part-time,Standard,0,358,291,67,No,Yes,No,Yes,No,41085,Yes,Yes,2025-05-05,2025-11-25
463,Bethany,Taylor,Finance,Full-time,Basic,0,163,135,28,No,Yes,Yes,No,No,27473,Yes,Yes,2023-11-20,2024-05-04
464,Matthew,Chan,Operations,Full-time,Premium,0,543,401,142,Yes,Yes,Yes,No,Yes,50078,Yes,No,2025-03-29,2025-06-11
465,Jason,Guerrero,Sales,Full-time,Standard,0,496,354,142,No,No,Yes,No,Yes,51479,No,Yes,2024-05-22,2024-10-19
466,Jennifer,Simpson,Operations,Part-time,Premium,1,420,355,65,No,No,No,No,Yes,33666,No,Yes,2025-03-15,2025-12-04
467,Scott,Evans,Marketing,Full-time,Standard,0,587,479,108,Yes,Yes,Yes,Yes,No,26949,Yes,No,2022-05-18,2025-12-03
468,Megan,Phillips,Support,Full-time,Basic,0,446,348,98,No,No,No,Yes,Yes,57342,No,No,2023-02-09,2024-09-22
469,Nicholas,Williams,Sales,Part-time,Standard,1,447,347,100,No,No,Yes,No,No,47846,No,Yes,2024-08-04,2025-01-11
470,Alexandra,Jones,HR,Part-time,Basic,1,485,403,82,No,No,Yes,Yes,Yes,44650,Yes,Yes,2023-12-27,2024-10-05
471,Edward,Braun,Marketing,Full-time,Standard,1,234,186,48,Yes,Yes,No,Yes,No,56820,No,No,2025-03-21,2025-07-05
472,David,York,HR,Part-time,Premium,2,451,336,115,Yes,Yes,Yes,Yes,No,59036,Yes,Yes,2024-08-13,2024-12-16
473,Amy,Ali,Sales,Part-time,Standard,2,477,345,132,No,No,Yes,No,No,46633,Yes,Yes,2023-12-11,2025-04-08
474,Kim,Knox,Support,Part-time,Premium,0,228,192,36,Yes,No,No,Yes,Yes,31130,No,No,2021-04-09,2023-09-19
475,Nicole,Phillips,Finance,Part-time,Premium,0,472,397,75,Yes,No,No,No,Yes,58808,Yes,Yes,2021-09-18,2025-10-17
476,Marisa,Potter,Support,Full-time,Premium,4,176,146,30,Yes,No,No,Yes,Yes,37140,No,Yes,2022-11-10,2023-01-07
477,Jacob,Sheppard,Operations,Full-time,Premium,1,157,113,44,Yes,Yes,No,Yes,No,49638,No,Yes,2025-04-14,2025-05-07
478,Lisa,David,IT,Part-time,Basic,1,379,302,77,No,No,Yes,No,No,57686,Yes,Yes,2025-04-02,2025-07-12
479,Joann,Lewis,Support,Full-time,Standard,4,493,360,133,No,No,Yes,Yes,Yes,30758,No,Yes,2022-11-02,2025-03-03
480,Paul,Jackson,Operations,Part-time,Premium,1,598,449,149,No,No,No,No,Yes,48949,No,No,2025-10-15,2025-11-23
481,Debra,Juarez,Marketing,Full-time,Basic,1,522,380,142,Yes,No,Yes,Yes,Yes,39531,Yes,Yes,2025-10-27,2026-01-10
482,Kristen,Walker,Legal,Part-time,Premium,0,417,333,84,No,No,No,No,No,29676,No,No,2022-12-29,2025-07-27
483,Gregory,Williams,IT,Part-time,Premium,0,480,361,119,No,No,Yes,No,Yes,45678,Yes,No,2022-12-19,2024-07-17
484,Ronald,Garcia,IT,Full-time,Standard,3,287,237,50,No,Yes,Yes,No,Yes,57051,Yes,Yes,2025-09-09,2026-01-16
485,Justin,Cruz,Marketing,Full-time,Premium,0,485,359,126,No,No,No,Yes,No,38370,Yes,No,2024-09-27,2025-04-21
486,Amy,Villarreal,Marketing,Part-time,Standard,2,297,241,56,Yes,No,No,Yes,No,35620,No,No,2021-03-02,2024-05-18
487,Christine,Smith,Sales,Part-time,Premium,2,259,204,55,No,No,No,No,No,49875,No,No,2025-09-06,2025-12-12
488,Raymond,Figueroa,IT,Full-time,Standard,4,225,166,59,Yes,Yes,Yes,Yes,No,49360,Yes,Yes,2024-07-11,2025-02-07
489,Michael,Sullivan,Legal,Part-time,Premium,1,405,293,112,No,Yes,Yes,No,Yes,26925,Yes,Yes,2023-08-11,2023-09-27
490,John,Williams,IT,Full-time,Basic,1,536,430,106,Yes,Yes,Yes,No,No,39300,Yes,Yes,2022-07-21,2024-08-11
491,Christopher,Martin,Support,Full-time,Basic,4,198,161,37,Yes,No,Yes,No,Yes,42308,Yes,No,2021-12-10,2022-11-23
492,Johnny,Chase,HR,Part-time,Basic,1,160,122,38,No,Yes,No,Yes,No,24046,Yes,No,2021-01-30,2022-07-05
493,Tyler,Harding,Support,Part-time,Premium,1,246,207,39,Yes,Yes,Yes,Yes,Yes,37641,Yes,No,2022-03-30,2023-09-21
494,Jennifer,Jackson,HR,Full-time,Basic,3,311,256,55,No,No,Yes,No,Yes,55310,No,Yes,2024-07-22,2024-07-24
495,Arthur,Sanchez,HR,Full-time,Standard,2,252,201,51,Yes,Yes,No,No,Yes,40755,No,No,2024-12-29,2025-06-25
496,Jessica,Sanchez,HR,Full-time,Premium,3,550,388,162,Yes,Yes,No,No,No,54272,Yes,Yes,2022-03-14,2025-02-20
497,Terri,Haney,Support,Full-time,Standard,3,204,160,44,Yes,Yes,No,No,Yes,46686,Yes,Yes,2024-12-16,2025-01-12
498,Thomas,Oneal,Support,Full-time,Premium,4,554,401,153,Yes,No,Yes,No,No,38867,Yes,No,2023-09-10,2023-11-25
499,Phillip,Rose,Support,Part-time,Basic,1,531,424,107,No,No,Yes,No,No,58188,No,No,2024-02-20,2024-08-22
500,Thomas,Miller,HR,Part-time,Basic,2,452,316,136,Yes,No,Yes,Yes,Yes,30367,No,No,2023-03-23,2025-01-12
